{
  type: Drill
  name: Стальная дрель
  "category": "production"
  size: 2
  tier: 3        // Бурит предмет такой прочности
  drillTime: 50  // Время бурения
  itemCapacity: 20
  rotateSpeed: 3
  warmupSpeed: 0.005
  liquidBoostIntensity: 1.5
  liquidCapacity: 7
  outputLiquid: water
  outputLiquidPerTick: 0.4
"research":"pneumatic-drill"


  "parent": "pneumatic-drill",
  "requirements": [
    { "item": "copper", "amount": 40 },
{ "item": "lead", "amount": 60 },
  ]
  consumes: {
    liquid: {
      liquid: water
      amount: 0.05
      optional: true
      booster: true
      update: true
    }
  }

  upgrade: {
    effects: {
      drillSpeed: 2
    }
  }

  requirements: [
    steel/20,
    copper/40,
iron/30
  ]
}
