{
  "type": "ConsumeGenerator",
  "name": "Efficient-Coal-Generator",
  "description": "High-efficiency coal generator. Water cooling increases power output.",
  "size": 2,
  "health": 360,

  "powerProduction": 6,
  "itemCapicality": 60,

  "hasPower": true,
  "hasItems": true,
  "hasLiquids": true,

  "consumes": {
    "items": [
      { "item": "coal", "amount": 1 }
    ]
  },
    "liquids": {
      "liquids": [
        { "liquid": "water", "amount":0.1 }
      ],
  },

  "requirements": [
    { "item": "copper", "amount": 70 },
    { "item": "lead", "amount": 60 },
    { "item": "graphite", "amount": 30 },
    { "item": "steel", "amount": 25 }
  ],

  "category": "power",
  "research": "combustion-generator"
}