{
  "type": "GenericCrafter",
  "name": "Электролизер",
  "description": "Расщепляет воду на водород..",
  "size": 2,
  "health": 420,
  "category": "crafting",

  "requirements": [
    { "item": "steel", "amount": 180 },
    { "item": "silicon", "amount": 120 },
    { "item": "titanium", "amount": 90 }
  ],

  "hasPower": true,
  "hasLiquids": true,
  "liquidCapacity": 60,

research:"mechanical-pump",

  "craftTime": 90,

"consumes": {
  "power": 2,
  "liquids": [
    { "liquid": "water", "amount": 0.45 }
  ]
},
"outputLiquids": [
  { "liquid": "hydrogen", "amount": 0.45 }
]
}

  
 