{
  "type": "GenericCrafter",
  "name": "Электролизер",
  "description": "Расщепляет воду на водород",
  "health": 420,
  "size": 2,

  "requirements": [
    { "item": "steel", "amount": 180 },
    { "item": "silicon", "amount": 120 },
    { "item": "titanium", "amount": 90 }
  ],

  "category": "crafting",
"research":"mechanical-pump",

  "hasPower": true,
  "hasLiquids": true,
  "liquidCapacity": 60,

  "craftTime": 90,

  

  "consumes": {
    "power": 2
  "liquids": [
    { "liquid": "water", "amount": 0.45 }
  ]
},
"outputLiquids": [
  { "liquid": "hydrogen", "amount": 0.45 }
]
}
  
 