{
  "type": "GenericCrafter",
  "name": "Литейщик слитков",
  "description": "Соединяет уголь и железо в сталь",
  "health": 230,
  "size": 2,

  "requirements": [
    { "item": "copper", "amount": 125 },
    { "item": "titanium", "amount": 60 },
    { "item": "iron", "amount": 30 }
  ],

  "research": "titanium-recycler",

  "hasPower": true,
  "hasItems": true,
  "hasLiquids": false,

  "craftTime": 30,

  "consumes": {
    "power": 2,
    "items": [
      { "item": "iron", "amount": 2 },
      { "item": "coal", "amount": 1 }
    ]
  },

  "updateEffect": "flakExplosion",
  "category": "crafting",
  "idleSoundVolume": 0.5,
  "itemCapacity": 10,

  "outputItem": { "item": "steel", "amount": 2 }
}
