{
  "type": "GenericCrafter",
  "name": "electrolyzer",
  "description": "High-energy electrolysis system producing hydrogen.",
  "size": 2,
  "health": 420,
  "category": "crafting",

  "requirements": [
    { "item": "steel", "amount": 180 },
    { "item": "silicon", "amount": 120 },
    { "item": "titanium", "amount": 90 }
  ],

  "hasPower": true,
  "hasLiquids": true,
  "liquidCapacity": 60,


  "craftTime": 90,

"consumes": {
  "power": 6.5,
  "liquids": [
    { "liquid": "water", "amount": 0.6 }
  ]
},
"outputLiquids": [
  { "liquid": "hydrogen1", "amount": 0.35 }
]
}

  
 