{
  "type": "GenericCrafter",
  "name": "titanium-recycler",
  "category": "crafting",
  "size": 2,
  "craftTime": 30,

  "consumes": {
    "power": 5,
    "items": [
      { "item": "titanium", "amount": 1 }
    ]
  },

research: "surge-smelter",

  "updateEffect": "smeltsmoke",
  "idleSoundVolume": 0.5,
  "itemCapacity": 10,

  "outputItems": [
    { "item": "iron", "amount": 2 }
  ],

  "requirements": [
    { "item": "copper", "amount": 50 },
    { "item": "lead", "amount": 60 },
    { "item": "titanium", "amount": 80 }
  ]
}