{
  "type": "GenericCrafter",
  "name": "titanium-recycler",
  "category": "crafting",
  "size": 2,
  "craftTime": 30,

  "consumes": {
    "power": 5,
    "items": [
      { "item": "titanium", "amount": 1 }
    ]
  },

  "updateEffect": "smeltsmoke",
  "idleSoundVolume": 0.5,
  "itemCapacity": 10,

  "outputItems": [
    { "item": "iron", "amount": 1 },
    { "item": "scrap", "amount": 3 }
  ],

  "requirements": [
    { "item": "copper", "amount": 120 },
    { "item": "lead", "amount": 80 },
    { "item": "titanium", "amount": 60 }
  ]
}