{
  "type": "ConsumeGenerator",
  "name": "Hydrogen turbine",
  "description": "High-output turbine generator powered by hydrogen combustion.",

  "size": 3,

 "category": "power",

  "health": 580,

  "powerProduction": 10,

  "liquidCapacity": 260,

research:"Efficient-Coal-Generator",

"requirements": [
    { "item": "lead", "amount": 70},
    { "item": "steel", "amount": 40},
    { "item": "silicon", "amount": 50}
  ],

  "consumes": {
    "liquids": [
      { "liquid": "hydrogen", "amount": 0.35 }
    ]
  },
  "drawers": [
    {
      "type": "DrawDefault"
    },
    {
      "type": "DrawFrames",
      "frames": 2,
      "interval": 30
    }
  ],
  "explosionRadius": 12,
  "explosionDamage": 950
}